{
  "generated_at": "2026-02-22T17:22:42.525162+00:00",
  "metrics": {
    "events_received": 2880.0,
    "events_stored": 2596.0,
    "events_discarded": 0.0,
    "compression_events": 0.0,
    "feedback_events": 0.0
  },
  "storage_ratio": 0.9013888888888889
}