{
  "generated_at": "2026-02-22T17:21:52.874713+00:00",
  "metrics": {
    "events_received": 2640.0,
    "events_stored": 2382.0,
    "events_discarded": 0.0,
    "compression_events": 0.0,
    "feedback_events": 0.0
  },
  "storage_ratio": 0.9022727272727272
}